# {"t_start": 1557470624.180563, "env_id": "maze-sample-5x5-v0"} 
r,l,t
-0.316,330,1.200119
-0.36,341,1.382214
-8.0,2000,2.44401
-0.536,385,2.647299
-0.308,328,2.850849
-1.06,516,3.221406
0.272,183,3.333548
-6.512,1879,4.456611
-1.716,680,4.77285
-0.9,476,5.013366
-0.244,312,5.154324
-0.644,412,5.347855
0.76,61,5.377691
0.592,103,5.426509
-5.452,1614,6.183895
-0.024,257,6.303232
-0.164,292,6.44078
-0.348,338,6.599184
-3.196,1050,7.096895
-0.092,274,7.225005
-0.696,425,7.427099
-0.084,272,7.548583
-3.804,1202,8.124301
0.312,173,8.207698
0.532,118,8.262027
0.176,207,8.359265
-0.028,258,8.480209
-0.464,367,8.652392
-0.052,264,8.772229
0.58,106,8.827172
-2.44,861,9.234708
0.188,204,9.330074
-0.132,284,9.464926
-1.936,735,9.812118
-2.516,880,10.23126
0.5,126,10.315249
-1.204,552,10.639223
0.468,134,10.702478
0.14,216,10.805732
-0.988,498,11.041271
0.46,136,11.104093
0.584,105,11.153685
0.664,85,11.197386
-0.084,272,11.330598
0.68,81,11.369993
0.04,241,11.484833
-0.456,365,11.654949
-2.052,764,12.013507
-3.832,1209,12.583779
-1.892,724,12.920158
0.292,178,13.000962
0.508,124,13.058969
0.8,51,13.083582
-1.456,615,13.373347
-0.416,355,13.556158
-1.572,644,13.866684
-0.22,306,14.012413
-1.964,742,14.373068
-1.388,598,14.658312
-2.972,994,15.121594
-0.588,398,15.308182
-2.988,998,15.803493
0.076,232,15.935599
0.36,161,16.009825
0.596,102,16.059719
-8.0,2000,16.976807
-3.912,1229,17.545945
-8.0,2000,18.475997
-1.524,632,18.773603
-2.296,825,19.158788
-8.0,2000,20.099111
0.632,93,20.141821
0.02,246,20.256349
0.516,122,20.314634
-5.984,1747,21.170576
-6.032,1759,22.057094
-0.148,288,22.196417
-0.44,361,22.372124
0.7,76,22.407962
-0.424,357,22.5731
-0.132,284,22.705195
-1.204,552,22.960543
0.368,159,23.032822
-3.068,1018,23.502392
-2.128,783,23.878297
-0.308,328,24.030348
0.048,239,24.140439
0.764,60,24.171646
-0.196,300,24.311879
-1.076,520,24.559488
-0.64,411,24.754912
0.452,138,24.816067
-0.524,382,25.001675
0.736,67,25.032356
0.32,171,25.109291
0.02,246,25.227887
-0.472,369,25.397183
-6.984,1997,26.322708
-1.92,731,26.66199
-0.268,318,26.812393
-0.336,335,26.968763
0.38,156,27.039456
-4.204,1302,27.676221
-5.072,1519,28.392093
-8.0,2000,29.352529
-8.0,2000,30.284115
-2.332,834,30.706441
0.36,161,30.783145
0.276,182,30.869388
0.616,97,30.918431
-2.96,991,31.417158
-0.664,417,31.610687
0.372,158,31.684606
0.028,244,31.81171
0.268,184,31.900701
0.324,170,31.979006
0.06,236,32.091637
-1.884,722,32.435896
-8.0,2000,33.386119
0.44,141,33.453343
0.308,174,33.536208
0.06,236,33.641523
-0.04,261,33.766282
-6.168,1793,34.603635
0.716,72,34.637146
-2.404,852,35.03089
-8.0,2000,35.958807
-2.452,864,36.364878
0.036,242,36.479726
0.168,209,36.574437
0.904,25,36.58564
-1.432,609,36.867937
-2.592,899,37.305988
0.484,130,37.371119
-1.788,698,37.730925
-1.8,701,38.10911
-1.056,515,38.360695
-8.0,2000,39.366743
-0.032,259,39.489732
-3.452,1114,40.028674
0.536,117,40.095003
-2.944,987,40.58875
-4.14,1286,41.204642
-0.18,296,41.358778
0.564,110,41.411466
0.832,43,41.435658
-1.272,569,41.700833
-0.132,284,41.835296
-0.02,256,41.957587
0.02,246,42.072436
-0.148,288,42.221993
-1.036,510,42.465784
0.224,195,42.557509
-2.08,771,42.911969
0.5,126,42.971352
0.248,189,43.058624
-4.932,1484,43.75262
-0.936,485,43.98122
-0.836,460,44.192258
-0.284,322,44.342787
0.22,196,44.435089
-0.468,368,44.606974
-0.468,368,44.78348
0.42,146,44.867683
0.1,226,44.991674
0.632,93,45.042473
0.232,193,45.143255
0.328,169,45.233058
-0.236,310,45.422959
0.412,148,45.50308
-0.672,419,45.746567
-0.696,425,45.971301
-0.004,252,46.099767
0.416,147,46.179191
0.664,85,46.223216
-0.172,294,46.367107
0.376,157,46.442831
-0.356,340,46.606958
-0.96,491,46.863636
0.756,62,46.895606
0.644,90,46.945569
0.472,133,47.006874
0.044,240,47.138168
0.036,242,47.262364
0.348,164,47.344546
0.676,82,47.387518
-0.276,320,47.558665
0.44,141,47.631865
0.508,124,47.695375
0.48,131,47.765725
0.176,207,47.872135
-3.236,1060,48.440778
0.78,56,48.468307
0.24,191,48.561881
0.456,137,48.630584
-0.512,379,48.824893
-0.536,385,49.033033
0.336,167,49.11172
-0.048,263,49.234912
0.224,195,49.331398
-0.252,314,49.495903
0.544,115,49.554985
0.652,88,49.594908
0.8,51,49.621399
-1.668,668,49.967718
0.264,185,50.075302
0.164,210,50.191531
-0.46,366,50.392816
-1.46,616,50.712893
-2.416,855,51.175319
0.32,171,51.271158
-0.012,254,51.41266
-0.876,470,51.668257
0.036,242,51.788834
0.124,220,51.89036
-1.608,653,52.216676
0.812,48,52.252567
0.396,152,52.347111
-1.264,567,52.698328
-0.028,258,52.870429
-1.344,587,53.222842
-0.688,423,53.43773
-6.22,1806,54.374559
0.596,102,54.427586
0.404,150,54.507258
-0.58,396,54.726325
-0.18,296,54.88146
0.496,127,54.94757
0.196,202,55.045636
0.544,115,55.103529
0.404,150,55.174367
-1.264,567,55.471982
-1.816,705,55.845773
0.796,52,55.880154
0.872,33,55.904492
0.752,63,55.945901
0.516,122,56.018361
-0.224,307,56.17582
-2.276,820,56.623069
-2.896,975,57.184151
-0.112,279,57.428856
0.408,149,57.571319
0.096,227,57.702801
0.192,203,57.820125
-0.108,278,57.958902
-1.052,514,58.212501
-0.576,395,58.419696
0.216,197,58.520694
0.452,138,58.585521
0.48,131,58.648269
0.508,124,58.706562
-1.872,719,59.060273
0.288,179,59.153519
-0.184,297,59.297638
-2.652,914,59.742577
-0.868,468,59.966762
-1.58,646,60.298208
0.544,115,60.353255
0.216,197,60.458791
-3.592,1149,61.05731
-1.836,710,61.432304
0.628,94,61.478826
-1.648,663,61.817444
-2.244,812,62.244317
0.568,109,62.295854
0.58,106,62.346208
-1.52,631,62.668768
-2.096,775,63.068424
0.168,209,63.169968
-0.056,265,63.304965
0.064,235,63.428675
-2.26,816,63.85639
0.6,101,63.912238
0.368,159,63.994753
0.564,110,64.044804
-0.68,421,64.248446
0.376,157,64.325653
-0.6,401,64.521261
-1.128,533,64.784968
0.732,68,64.816305
-0.528,383,65.007738
-0.696,425,65.211278
-1.796,700,65.564111
-0.036,260,65.707396
-0.14,286,65.848205
0.248,189,65.954584
0.332,168,66.038753
-0.528,383,66.22307
-0.168,293,66.362963
-2.22,806,66.762629
-0.32,331,66.953362
-0.748,438,67.178782
0.244,190,67.273021
0.484,130,67.330335
-1.348,588,67.626498
0.104,225,67.745343
0.42,146,67.821291
0.684,80,67.863099
0.552,113,67.923437
0.292,178,68.021774
0.06,236,68.145398
-0.948,488,68.3842
0.152,213,68.485566
0.572,108,68.537675
-0.108,278,68.672378
0.78,56,68.698381
-0.108,278,68.842365
0.664,85,68.883927
0.06,236,68.995426
-2.42,856,69.444979
-4.892,1474,70.205184
0.548,114,70.262635
0.788,54,70.292427
-0.456,365,70.479784
-0.596,400,70.662157
-0.232,309,70.807575
0.084,230,70.92644
-0.044,262,71.118272
-0.248,313,71.328083
0.348,164,71.406925
-0.908,478,71.684357
-1.04,511,71.933908
0.14,216,72.050403
-0.32,331,72.219957
-0.18,296,72.369801
-1.608,653,72.769159
-2.464,867,73.228095
-0.124,282,73.359873
-0.4,351,73.533474
0.556,112,73.594457
-8.0,2000,74.578132
0.696,77,74.61393
-2.772,944,75.103258
0.728,69,75.139038
-0.236,310,75.29045
-4.992,1499,76.076743
-5.828,1708,76.876677
-2.528,883,77.330423
0.168,209,77.440952
-0.704,427,77.646094
-0.312,329,77.80465
-0.468,368,77.975505
0.392,153,78.074448
-1.884,722,78.495252
0.024,245,78.683329
-4.76,1441,79.547036
-2.06,766,79.938138
0.484,130,80.010532
0.044,240,80.143635
-4.92,1481,80.932621
-0.928,483,81.216479
-0.456,365,81.42196
0.456,137,81.496928
0.78,56,81.530019
0.348,164,81.62429
0.364,160,81.721729
0.62,96,81.775819
0.316,172,81.86091
-0.376,345,82.052766
0.7,76,82.096629
0.736,67,82.134745
0.196,202,82.239503
-0.148,288,82.389335
-2.044,762,82.779794
0.004,250,82.901634
-0.304,327,83.058687
-0.324,332,83.213783
-0.94,486,83.437275
0.492,128,83.505216
-1.492,624,83.789647
-1.924,732,84.130876
0.548,114,84.184101
0.58,106,84.234727
-1.236,560,84.492866
0.532,118,84.548416
0.048,239,84.659418
-0.032,259,84.791212
-2.324,832,85.351196
0.768,59,85.396292
-1.076,520,85.734352
-3.736,1185,86.352657
0.208,199,86.449639
0.252,188,86.551569
0.112,223,86.674707
0.212,198,86.780373
-0.952,489,87.060364
0.336,167,87.150607
0.856,37,87.168042
0.748,64,87.198923
0.348,164,87.284758
0.748,64,87.316782
-3.9,1226,87.960663
-1.32,581,88.250787
0.016,247,88.377574
0.216,197,88.488636
0.164,210,88.611337
-3.404,1102,89.209054
-0.328,333,89.377694
-0.116,280,89.514082
0.54,116,89.572892
0.24,191,89.666427
0.24,191,89.760685
0.224,195,89.863588
0.392,153,89.96401
0.64,91,90.008776
0.384,155,90.086096
-0.276,320,90.257448
0.272,183,90.344545
0.164,210,90.444264
0.084,230,90.576811
0.172,208,90.677016
0.46,136,90.738406
-1.416,605,91.047425
-0.224,307,91.215452
0.436,142,91.289958
0.428,144,91.366427
-0.56,391,91.600721
-0.488,373,91.798958
-2.656,915,92.29956
0.752,63,92.333228
0.648,89,92.382953
0.384,155,92.466861
-1.376,595,92.792947
0.576,107,92.865458
-0.572,394,93.08948
0.176,207,93.197129
-0.42,356,93.383254
0.644,90,93.428411
-0.852,464,93.695389
-0.04,261,93.826958
-0.064,267,93.954923
0.408,149,94.024431
0.032,243,94.146745
0.244,190,94.250219
-1.936,735,94.646503
0.336,167,94.728725
0.456,137,94.802256
0.644,90,94.844561
0.028,244,94.97194
-0.084,272,95.144076
-0.28,321,95.320843
0.344,165,95.410234
-0.636,410,95.61831
-0.232,309,95.783299
-0.796,450,96.007295
0.1,226,96.115191
-0.82,456,96.328802
0.34,166,96.406953
-0.516,380,96.624131
-2.636,910,97.231612
-1.672,669,97.624336
0.54,116,97.683312
-3.752,1189,98.288056
0.008,249,98.416106
-0.5,376,98.60178
-0.376,345,98.758011
0.424,145,98.828435
0.776,57,98.859461
0.628,94,98.913581
0.104,225,99.030765
-0.832,459,99.249195
-1.344,587,99.563322
-0.836,460,99.81126
-1.336,585,100.100116
-4.084,1272,100.703491
-1.1,526,100.962251
-0.868,468,101.203257
-0.596,400,101.413315
-1.236,560,101.676236
-0.16,291,101.812883
-1.328,583,102.080546
-0.832,459,102.293912
-2.0,751,102.67313
-2.656,915,103.172018
-3.88,1221,103.794652
-1.34,586,104.091517
-0.268,318,104.238608
-0.048,263,104.366023
-0.62,406,104.558751
0.112,223,104.673295
-0.172,294,104.813415
-0.524,382,105.022047
-0.54,386,105.234763
-0.7,426,105.45442
0.776,57,105.485324
-0.204,302,105.657136
0.656,87,105.713242
0.604,100,105.770803
-0.26,316,105.938985
0.18,206,106.048142
0.764,60,106.089618
-0.564,392,106.298537
-2.444,862,106.768868
0.78,56,106.800684
-0.056,265,106.93777
0.472,133,107.007923
0.756,62,107.040707
-1.024,507,107.312984
0.644,90,107.360112
-0.064,267,107.489081
0.292,178,107.585672
0.792,53,107.619808
0.588,104,107.673796
-1.988,748,108.058757
-0.372,344,108.229754
0.3,176,108.334931
0.216,197,108.439582
0.076,232,108.584734
0.336,167,108.679645
-0.008,253,108.847358
-0.132,284,109.000636
0.824,45,109.02114
-1.1,526,109.285274
0.084,230,109.401486
0.496,127,109.47812
0.592,103,109.531406
-1.152,539,109.801892
-0.196,300,109.952857
0.504,125,110.016559
0.704,75,110.052552
-0.44,361,110.233393
-0.484,372,110.41505
-3.22,1056,110.937958
-0.832,459,111.159179
-0.316,330,111.314528
-0.3,326,111.474858
0.124,220,111.585401
0.236,192,111.689723
-1.08,521,111.961647
-8.0,2000,112.983301
-3.124,1032,113.533531
-5.912,1729,114.382232
-1.4,601,114.66766
0.66,86,114.708846
-1.288,573,114.976447
-0.064,267,115.104469
-1.704,677,115.441491
-0.996,500,115.693049
-0.824,457,115.914106
-4.252,1314,116.545224
-5.36,1591,117.322321
-2.64,911,117.75012
-0.964,492,117.983223
-0.556,390,118.17264
0.272,183,118.258425
0.764,60,118.287709
0.532,118,118.344205
-0.068,268,118.468803
0.66,86,118.508101
-1.468,618,118.794717
-1.552,639,119.086322
-1.088,523,119.334524
-0.76,441,119.538627
0.004,250,119.65841
-0.332,334,119.814473
0.248,189,119.90673
-0.736,435,120.112246
0.364,160,120.186857
0.264,185,120.27473
-1.232,559,120.535666
-0.28,321,120.691238
-0.92,481,120.915642
0.464,135,120.9773
-0.176,295,121.123475
-0.368,343,121.286369
-0.484,372,121.468813
-0.716,430,121.6735
0.076,232,121.786317
-0.5,376,121.965453
-0.14,286,122.10827
0.08,231,122.223553
-0.216,305,122.365634
-0.824,457,122.57507
0.628,94,122.629567
0.772,58,122.654519
0.268,184,122.746083
0.12,221,122.853199
-0.536,385,123.032007
0.504,125,123.089836
0.216,197,123.187271
0.06,236,123.319708
0.772,58,123.35059
-0.444,362,123.542256
0.336,167,123.632175
-0.132,284,123.789328
0.404,150,123.8617
0.188,204,123.957609
0.476,132,124.021293
0.54,116,124.081143
0.048,239,124.210178
-0.244,312,124.370473
-0.056,265,124.506525
0.408,149,124.586844
-0.248,313,124.748869
0.408,149,124.820349
-0.128,283,124.967336
-0.016,255,125.094677
0.652,88,125.142291
0.536,117,125.200699
-0.644,412,125.423094
-0.324,332,125.579609
0.092,228,125.690069
0.54,116,125.750648
-1.604,652,126.094894
0.3,176,126.186216
0.284,180,126.2718
0.184,205,126.374518
0.028,244,126.495884
0.172,208,126.594027
0.24,191,126.692244
-0.068,268,126.830048
-1.2,551,127.094345
-0.912,479,127.336045
-0.484,372,127.516766
-1.28,571,127.806612
0.736,67,127.840767
0.764,60,127.86773
0.728,69,127.898074
0.304,175,127.983878
-0.504,377,128.178355
0.64,91,128.224837
0.516,122,128.28363
-0.3,326,128.449109
-1.664,667,128.782457
-0.836,460,129.013184
-0.108,278,129.147973
-0.944,487,129.384982
-0.372,344,129.555147
-2.728,933,130.009779
0.576,107,130.058604
0.052,238,130.176546
0.504,125,130.238126
0.744,65,130.267818
0.396,152,130.33797
-0.324,332,130.499094
-2.0,751,130.852305
-0.304,327,131.007938
0.536,117,131.061547
-0.032,259,131.184418
0.44,141,131.252719
0.256,187,131.338384
0.12,221,131.44126
0.628,94,131.48822
0.08,231,131.596228
0.576,107,131.650351
-0.068,268,131.78584
0.692,78,131.824864
0.072,233,131.941894
-0.852,464,132.189007
-0.372,344,132.366824
0.708,74,132.4069
-0.164,292,132.568125
0.624,95,132.624981
-0.32,331,132.805342
-1.068,518,133.079311
-0.104,277,133.229727
-2.252,814,133.631038
0.696,77,133.669677
-0.388,348,133.833596
-0.004,252,133.951843
0.476,132,134.013509
0.448,139,134.077895
-0.644,412,134.283845
-0.356,340,134.458399
0.28,181,134.545889
-0.372,344,134.722134
0.192,203,134.823297
-0.088,273,134.955478
-0.576,395,135.14703
0.348,164,135.240108
0.424,145,135.30834
-0.08,271,135.436216
-0.448,363,135.635687
0.616,97,135.700311
0.592,103,135.76329
-0.544,387,135.960636
0.636,92,136.00788
-0.0,251,136.134959
-0.036,260,136.261243
-1.468,618,136.548715
-3.248,1063,137.04115
-0.66,416,137.23463
-5.992,1749,138.085677
-0.836,460,138.321667
-5.048,1513,139.083873
0.556,112,139.140534
-2.24,811,139.562431
0.28,181,139.656387
-1.032,509,139.904062
0.56,111,139.961994
0.26,186,140.054327
0.616,97,140.104519
0.796,52,140.127386
-0.544,387,140.318855
0.576,107,140.382448
-2.912,979,140.913223
-1.624,657,141.256821
0.904,25,141.268086
-1.412,604,141.559057
-4.84,1461,142.264127
-2.032,759,142.61458
-0.584,397,142.811847
-0.756,440,143.033843
0.12,221,143.140021
-0.168,293,143.283807
0.012,248,143.402717
0.136,217,143.501502
0.296,177,143.586028
-0.92,481,143.814748
0.16,211,143.928169
0.352,163,144.003905
-0.4,351,144.184521
0.612,98,144.24251
0.74,66,144.284046
0.82,46,144.306781
0.532,118,144.362719
0.628,94,144.406516
0.56,111,144.457588
0.828,44,144.480266
0.488,129,144.554443
-0.916,480,144.808018
0.768,59,144.836706
-0.248,313,145.002801
-0.072,269,145.142833
-0.032,259,145.278921
-1.22,556,145.567216
0.744,65,145.608658
0.7,76,145.648694
-1.372,594,145.952262
-0.152,289,146.119994
-0.572,394,146.346666
0.604,100,146.392995
0.704,75,146.430852
-0.74,436,146.631866
-1.928,733,146.980928
-0.968,493,147.219487
-0.276,320,147.366845
-2.188,798,147.734714
-2.488,873,148.148073
-1.2,551,148.413611
-0.864,467,148.635649
0.596,102,148.683983
-0.244,312,148.830017
-0.568,393,149.011434
0.268,184,149.101008
-0.764,442,149.329987
-8.0,2000,150.325802
-5.424,1607,151.135526
0.348,164,151.21607
-2.656,915,151.636374
-0.692,424,151.851638
-3.004,1002,152.366997
-1.284,572,152.674969
-0.328,333,152.863306
-6.048,1763,153.942559
0.692,78,153.98047
-0.972,494,154.210599
-0.596,400,154.408073
0.088,229,154.513494
-8.0,2000,155.469135
-6.748,1938,156.46449
-1.988,748,156.868113
0.056,237,156.997703
-4.404,1352,157.639213
-1.78,696,158.00981
-1.252,564,158.290328
0.304,175,158.37086
-8.0,2000,159.299662
-1.704,677,159.629132
0.164,210,159.730206
-0.832,459,159.951184
-0.576,395,160.168747
-1.784,697,160.497585
-8.0,2000,161.499404
0.104,225,161.607294
-3.644,1162,162.192107
-1.308,578,162.501682
-0.956,490,162.775868
-1.572,644,163.110349
-0.124,282,163.251659
-0.008,253,163.36736
0.496,127,163.43076
-3.096,1025,163.969884
0.396,152,164.057817
0.144,215,164.169204
-3.052,1014,164.8489
0.492,128,164.924095
-0.336,335,165.143871
-3.636,1160,165.800803
-2.096,775,166.202754
0.132,218,166.308617
0.3,176,166.392128
0.104,225,166.508708
-1.192,549,166.796377
-1.156,540,167.088396
-4.812,1454,167.820808
-0.476,370,168.004785
0.136,217,168.112089
-0.02,256,168.237345
0.516,122,168.293574
0.688,79,168.333661
-0.072,269,168.475482
0.644,90,168.519102
-0.556,390,168.705761
-0.124,282,168.849166
0.468,134,168.920045
-0.064,267,169.05073
0.708,74,169.090567
-0.98,496,169.353134
0.324,170,169.434051
-0.276,320,169.583609
0.212,198,169.674547
0.18,206,169.77457
0.176,207,169.869731
-0.816,455,170.08875
-0.916,480,170.338501
0.46,136,170.403986
-0.484,372,170.586863
0.252,188,170.684702
0.268,184,170.784868
0.64,91,170.833147
-0.724,432,171.035583
-0.556,390,171.214085
0.556,112,171.266529
0.24,191,171.35868
0.584,105,171.409907
0.412,148,171.49136
-0.836,460,171.745968
0.664,85,171.786148
0.692,78,171.822808
0.464,135,171.885174
-0.076,270,172.009187
-0.076,270,172.1389
-1.144,537,172.396852
-0.772,444,172.62741
0.2,201,172.734982
-0.392,349,172.924421
0.116,222,173.046242
0.452,138,173.128575
0.628,94,173.185649
0.704,75,173.228786
-1.02,506,173.500293
0.5,126,173.560342
0.504,125,173.624663
0.672,83,173.670409
0.624,95,173.715567
-0.248,313,173.862168
-1.216,555,174.135821
0.576,107,174.187261
-0.564,392,174.379558
0.664,85,174.418746
-0.208,303,174.560699
-0.672,419,174.764628
0.428,144,174.829547
-1.704,677,175.168097
0.644,90,175.217367
-0.316,330,175.401495
0.488,129,175.472998
-0.336,335,175.638871
-0.072,269,175.775793
-0.624,407,175.973433
-1.244,562,176.275631
-0.676,420,176.577214
-1.94,736,177.010118
-1.068,518,177.289358
-3.112,1029,177.829762
-1.324,582,178.128991
-0.828,458,178.464314
-8.0,2000,179.572068
0.644,90,179.637627
0.812,48,179.667548
0.496,127,179.746015
-0.304,327,179.919386
0.52,121,180.024918
0.064,235,180.200065
-2.816,955,180.715999
-0.092,274,180.868373
-0.0,251,181.008123
-0.82,456,181.25104
-0.528,383,181.52357
-2.244,812,181.970776
-1.024,507,182.26072
-2.34,836,182.781868
0.292,178,182.879452
-1.612,654,183.228634
-0.78,446,183.501449
-0.028,258,183.658836
0.436,142,183.741218
-1.052,514,184.001229
0.448,139,184.068094
-1.084,522,184.343608
0.704,75,184.382266
0.348,164,184.462818
-0.192,299,184.617044
-0.444,362,184.794636
-0.636,410,185.000764
-0.852,464,185.25301
-0.032,259,185.377816
0.452,138,185.446809
0.492,128,185.50806
0.612,98,185.558026
0.416,147,185.630139
0.472,133,185.691846
0.54,116,185.748184
0.184,205,185.858694
0.28,181,185.955114
-0.772,444,186.187416
-1.236,560,186.466781
-0.288,323,186.637099
-0.56,391,186.8453
-2.336,835,187.253944
0.812,48,187.282595
0.316,172,187.378311
0.076,232,187.496582
0.568,109,187.560627
0.088,229,187.67727
0.52,121,187.735174
0.732,68,187.771163
0.04,241,187.891552
-0.58,396,188.079314
0.668,84,188.12012
-0.664,417,188.342167
-0.132,284,188.512817
0.484,130,188.585432
0.772,58,188.621928
0.772,58,188.657141
0.216,197,188.790596
-3.048,1013,189.279958
0.784,55,189.309806
0.248,189,189.40708
-0.06,266,189.548386
0.676,82,189.592053
-0.948,488,189.833281
-0.452,364,190.009905
-0.136,285,190.15521
-0.048,263,190.294409
-0.152,289,190.428969
-0.064,267,190.553249
-0.4,351,190.725376
0.184,205,190.838627
0.544,115,190.895137
-0.976,495,191.126205
-0.116,280,191.253874
0.256,187,191.348733
-4.404,1352,192.036928
0.444,140,192.115362
0.164,210,192.227593
-8.0,2000,193.274117
-3.752,1189,193.843351
-8.0,2000,194.82654
0.284,180,194.925707
-1.94,736,195.286234
-5.016,1505,196.053384
0.476,132,196.142757
-1.384,597,196.431278
-3.288,1073,196.952909
-0.416,355,197.136516
-0.524,382,197.323205
-0.36,341,197.489055
-4.632,1409,198.20361
0.576,107,198.255385
-0.436,360,198.452616
-2.784,947,198.912163
-0.768,443,199.128044
-0.672,419,199.338824
-3.556,1140,199.897993
0.328,169,199.985414
-0.212,304,200.144496
-3.888,1223,200.763833
-2.172,794,201.159293
-1.872,719,201.521831
-1.084,522,201.776979
-1.4,601,202.085996
-2.272,819,202.481338
0.424,145,202.555442
-0.608,403,202.741056
-1.16,541,202.998897
-0.64,411,203.196862
-0.612,404,203.389269
-0.388,348,203.555646
-0.224,307,203.711511
0.204,200,203.819849
-1.46,616,204.11472
-1.576,645,204.421816
0.376,157,204.496149
0.532,118,204.551706
-0.892,474,204.788544
0.156,212,204.903583
0.428,144,204.974611
-0.424,357,205.163642
-0.632,409,205.370084
0.548,114,205.428909
0.664,85,205.474662
0.5,126,205.535122
-0.108,278,205.671871
0.256,187,205.762736
-0.028,258,205.905486
0.66,86,205.952641
0.06,236,206.074288
-0.796,450,206.306462
-0.104,277,206.456449
0.272,183,206.546443
-0.156,290,206.705956
0.312,173,206.797566
0.756,62,206.829362
0.084,230,206.945385
0.64,91,206.999257
0.612,98,207.052848
0.584,105,207.105412
0.788,54,207.134832
-0.02,256,207.262576
0.356,162,207.350677
0.684,80,207.388605
-1.016,505,207.633156
0.308,174,207.718406
-0.104,277,207.855637
-0.268,318,208.012301
-0.488,373,208.188702
0.38,156,208.259807
0.792,53,208.283409
-0.456,365,208.457555
-0.444,362,208.628516
-0.432,359,208.835786
-0.372,344,209.009679
0.676,82,209.049453
-1.196,550,209.339376
0.688,79,209.380784
0.748,64,209.413409
0.472,133,209.477201
-0.276,320,209.656025
0.504,125,209.718157
0.124,220,209.828662
-1.492,624,210.129098
-1.408,603,210.46748
0.184,205,210.56349
0.748,64,210.601314
-6.188,1798,211.526189
-0.064,267,211.64957
-0.464,367,211.89153
-0.12,281,212.087198
-5.52,1631,212.960474
0.384,155,213.048479
-0.396,350,213.214194
0.284,180,213.30658
-0.404,352,213.542323
-1.42,606,213.905207
-1.4,601,214.329059
-0.072,269,214.489949
0.46,136,214.56648
-2.492,874,215.075192
0.768,59,215.106423
0.34,166,215.191898
-0.664,417,215.392594
0.204,200,215.48957
-0.312,329,215.665441
-2.26,816,216.070221
-0.176,295,216.214822
0.4,151,216.287969
0.652,88,216.339284
-0.328,333,216.511892
-2.024,757,216.897241
-3.676,1170,217.543303
-0.712,429,217.787426
-1.78,696,218.129838
0.256,187,218.214212
0.28,181,218.301062
-1.556,640,218.610483
-2.764,942,219.050935
-3.264,1067,219.683108
0.456,137,219.76506
0.692,78,219.810569
-3.876,1220,220.440613
-6.74,1936,221.361958
0.536,117,221.426406
-1.156,540,221.688533
-1.928,733,222.059746
0.14,216,222.170227
0.68,81,222.210153
-1.684,672,222.619334
-1.352,589,222.94578
0.384,155,223.028355
-3.58,1146,223.599181
-2.748,938,224.156075
0.128,219,224.255432
0.336,167,224.334883
0.16,211,224.457753
-0.128,283,224.627431
0.22,196,224.747084
0.58,106,224.807751
-1.776,695,225.26242
-0.56,391,225.50242
0.828,44,225.527574
0.524,120,225.602942
-0.56,391,225.855779
0.104,225,225.993355
0.444,140,226.06744
-1.372,594,226.386038
0.568,109,226.446245
0.152,213,226.586851
0.428,144,226.656957
-3.288,1073,227.215363
-0.46,366,227.443666
0.436,142,227.528727
0.392,153,227.615321
0.1,226,227.743647
-0.408,353,227.938451
0.428,144,228.005128
0.784,55,228.033942
0.368,159,228.113238
0.4,151,228.184988
0.248,189,228.281295
0.448,139,228.363132
-0.048,263,228.551674
0.528,119,228.608328
-0.464,367,228.814581
-0.24,311,228.980568
-1.728,683,229.32784
0.296,177,229.412219
-0.632,409,229.603727
0.364,160,229.679141
0.616,97,229.724548
-0.008,253,229.84406
0.696,77,229.879659
-1.092,524,230.16153
0.112,223,230.284759
-0.14,286,230.480574
0.56,111,230.534266
0.7,76,230.569621
0.108,224,230.691084
-0.08,271,230.822024
0.012,248,230.942991
-1.908,728,231.388587
-0.188,298,231.543233
0.316,172,231.624919
0.48,131,231.693224
0.664,85,231.7384
0.8,51,231.772516
0.776,57,231.804407
0.716,72,231.837126
0.844,40,231.855733
0.704,75,231.890238
0.516,122,231.948771
0.532,118,232.01001
0.356,162,232.086597
0.084,230,232.206431
0.428,144,232.276352
0.328,169,232.357942
-0.128,283,232.532697
0.1,226,232.703114
0.24,191,232.807666
0.38,156,232.907452
0.684,80,232.954793
0.392,153,233.035911
0.636,92,233.07632
0.412,148,233.14433
0.584,105,233.200486
-0.484,372,233.391441
0.076,232,233.531586
0.24,191,233.662713
0.856,37,233.687335
0.308,174,233.780367
0.08,231,233.899785
0.724,70,233.939114
0.1,226,234.051368
0.472,133,234.113747
0.496,127,234.17784
0.308,174,234.274529
0.544,115,234.327898
0.34,166,234.417473
-0.092,274,234.578713
0.508,124,234.691616
0.76,61,234.743149
0.2,201,234.862705
0.164,210,234.976786
0.668,84,235.019349
0.176,207,235.117617
0.736,67,235.153203
0.136,217,235.268589
0.436,142,235.347377
0.652,88,235.394355
0.612,98,235.448276
0.124,220,235.569348
0.74,66,235.601727
0.532,118,235.67478
0.68,81,235.714729
-0.04,261,235.83657
0.348,164,235.928074
0.608,99,235.975417
0.68,81,236.017132
0.624,95,236.071313
0.476,132,236.132381
0.224,195,236.224933
0.424,145,236.306594
0.316,172,236.396573
-0.052,264,236.55098
0.432,143,236.639558
-0.164,292,236.798218
-1.172,544,237.123259
0.44,141,237.200676
0.368,159,237.286846
0.704,75,237.326008
0.232,193,237.43155
0.444,140,237.499512
0.392,153,237.581311
0.012,248,237.713071
0.316,172,237.805718
0.128,219,237.92203
-0.12,281,238.073073
0.556,112,238.137612
0.076,232,238.259257
0.272,183,238.359118
-0.116,280,238.516025
0.708,74,238.555311
-0.224,307,238.713378
0.2,201,238.818433
-1.0,501,239.066972
0.432,143,239.135984
0.676,82,239.177011
-0.832,459,239.397326
-2.136,785,239.781458
-0.032,259,239.904133
-0.78,446,240.115081
-0.252,314,240.270711
0.432,143,240.336392
-0.216,305,240.476516
-0.076,270,240.601366
0.364,160,240.680244
0.216,197,240.772049
-0.588,398,240.961358
-0.188,298,241.102926
0.24,191,241.195691
0.54,116,241.248251
0.112,223,241.367012
-0.512,379,241.575065
0.76,61,241.610048
0.64,91,241.660332
0.8,51,241.68809
0.88,31,241.704603
-0.236,310,241.875076
0.808,49,241.9011
0.176,207,242.012598
-1.576,645,242.350775
0.44,141,242.419386
-0.436,360,242.600089
0.696,77,242.642915
0.44,141,242.730643
-0.496,375,242.981888
0.704,75,243.030469
0.5,126,243.102781
-0.144,287,243.289121
0.568,109,243.357948
-0.268,318,243.529354
0.04,241,243.655569
0.228,194,243.774902
0.492,128,243.843673
-1.02,506,244.154053
-0.308,328,244.364922
0.664,85,244.415157
-1.736,685,244.826768
-0.196,300,244.969535
-3.204,1052,245.506741
0.008,249,245.649018
-0.032,259,245.785349
-8.0,2000,246.832162
-0.0,251,246.988714
-1.884,722,247.348302
-1.092,524,247.588141
-1.128,533,247.865522
-0.872,469,248.087301
-0.984,497,248.31589
-8.0,2000,249.272382
-0.148,288,249.411057
-8.0,2000,250.428763
0.5,126,250.491541
-2.484,872,250.995603
0.64,91,251.043746
0.368,159,251.131567
-2.416,855,251.606368
-1.66,666,252.080616
-2.1,776,252.499146
0.12,221,252.607831
0.452,138,252.677893
0.56,111,252.736469
0.54,116,252.794879
-2.812,954,253.257232
0.384,155,253.330766
-1.132,534,253.602137
-0.82,456,253.81696
0.708,74,253.851928
0.744,65,253.882827
0.384,155,253.956465
0.252,188,254.046169
0.68,81,254.087325
0.688,79,254.123423
0.664,85,254.166256
-0.9,476,254.389072
-3.548,1138,254.918217
-0.792,449,255.131221
0.044,240,255.244418
-3.576,1145,255.82751
0.528,119,255.885978
0.66,86,255.92678
0.7,76,255.964568
-0.116,280,256.095961
0.424,145,256.162571
0.54,116,256.217634
0.164,210,256.32131
0.284,180,256.405815
-2.168,793,256.785382
0.556,112,256.846814
-1.304,577,257.145906
-1.072,519,257.42558
-3.432,1109,257.998856
-4.5,1376,258.730925
-5.528,1633,259.558818
0.336,167,259.645158
-0.948,488,259.884139
-0.236,310,260.046357
-3.032,1009,260.588086
-6.752,1939,261.571854
0.3,176,261.662987
-1.248,563,262.033714
-2.756,940,262.522192
-1.428,608,262.812052
-0.864,467,263.047013
-1.12,531,263.293355
-0.96,491,263.530709
-8.0,2000,264.482855
-2.116,780,264.853588
0.008,249,264.983388
-3.264,1067,265.499347
-3.0,1001,266.037902
-1.048,513,266.298076
0.388,154,266.371986
0.6,101,266.420854
-1.996,750,266.794201
-0.848,463,267.020134
0.748,64,267.05204
0.26,186,267.140491
-0.052,264,267.278709
-0.032,259,267.412628
-0.452,364,267.59916
0.268,184,267.693145
0.276,182,267.785698
0.84,41,267.807498
-0.084,272,267.939175
0.304,175,268.030542
-1.788,698,268.388337
0.584,105,268.441199
0.592,103,268.492014
0.592,103,268.540584
0.516,122,268.597165
0.152,213,268.701847
-0.388,348,268.87555
-0.132,284,269.013325
0.064,235,269.127671
0.216,197,269.232758
-0.224,307,269.387976
0.296,177,269.477859
0.66,86,269.519171
0.34,166,269.598638
0.644,90,269.639013
0.044,240,269.7755
-0.028,258,269.896777
-0.1,276,270.028893
-0.504,377,270.222021
0.544,115,270.277677
0.452,138,270.342718
-0.316,330,270.500228
0.332,168,270.584228
0.688,79,270.631109
0.472,133,270.69646
0.728,69,270.728786
0.484,130,270.811691
0.232,193,270.920601
0.704,75,270.956593
0.692,78,270.994037
0.864,35,271.011432
0.616,97,271.057369
0.672,83,271.099516
0.272,183,271.189141
0.908,24,271.201402
0.48,131,271.267214
0.468,134,271.340826
0.088,229,271.464028
0.816,47,271.489044
0.8,51,271.516653
-0.176,295,271.659623
0.176,207,271.755909
0.292,178,271.849779
0.392,153,271.922921
0.22,196,272.011567
0.616,97,272.056988
0.604,100,272.105066
0.52,121,272.161847
0.816,47,272.186965
0.18,206,272.290371
0.276,182,272.378775
0.388,154,272.451689
0.712,73,272.484569
0.292,178,272.568541
0.14,216,272.673695
0.612,98,272.721306
0.848,39,272.741029
0.724,70,272.773029
-0.104,277,272.902444
0.556,112,272.957192
0.076,232,273.065288
0.776,57,273.093244
0.512,123,273.151931
0.62,96,273.198212
0.452,138,273.266672
0.628,94,273.315752
0.488,129,273.379023
0.772,58,273.406431
0.592,103,273.456429
0.504,125,273.51619
0.748,64,273.545943
0.808,49,273.568316
0.236,192,273.658966
0.532,118,273.717572
-1.596,650,274.032792
0.044,240,274.190217
0.232,193,274.289133
0.692,78,274.331007
0.684,80,274.371444
0.28,181,274.45389
0.392,153,274.528492
0.408,149,274.6038
0.788,54,274.634585
0.436,142,274.703325
0.18,206,274.804149
0.528,119,274.860823
0.632,93,274.909068
-0.372,344,275.084509
-1.272,569,275.362739
0.68,81,275.404283
0.432,143,275.477197
0.9,26,275.493237
0.728,69,275.525979
0.86,36,275.54677
0.596,102,275.593637
0.288,179,275.674697
0.496,127,275.732247
0.016,247,275.850071
-0.716,430,276.057389
0.872,33,276.073294
0.316,172,276.155732
0.512,123,276.215482
0.476,132,276.279526
-0.04,261,276.398056
-0.036,260,276.520964
0.716,72,276.561449
0.732,68,276.592374
0.62,96,276.641073
0.604,100,276.691329
-0.024,257,276.816024
0.844,40,276.83619
0.72,71,276.873451
0.58,106,276.931615
0.472,133,276.999214
0.132,218,277.103868
0.676,82,277.143462
0.72,71,277.179902
0.44,141,277.255158
-0.148,288,277.422091
0.68,81,277.4825
0.592,103,277.566509
0.78,56,277.598595
0.672,83,277.650013
0.308,174,277.743268
0.68,81,277.786276
0.904,25,277.801662
0.78,56,277.828918
0.888,29,277.846241
0.64,91,277.891182
0.688,79,277.932582
0.36,161,278.01665
0.784,55,278.043978
0.672,83,278.087186
0.412,148,278.166949
0.336,167,278.266686
-0.268,318,278.430836
0.812,48,278.454381
0.68,81,278.49208
0.688,79,278.529669
0.656,87,278.573064
0.8,51,278.600276
0.644,90,278.649928
0.496,127,278.715987
0.264,185,278.808873
0.724,70,278.848513
0.884,30,278.864444
0.396,152,278.94429
0.668,84,278.987252
0.692,78,279.024941
0.788,54,279.053039
0.824,45,279.07437
0.796,52,279.101434
0.768,59,279.131746
0.66,86,279.173801
0.608,99,279.224204
0.184,205,279.333242
0.388,154,279.410464
0.768,59,279.444976
0.26,186,279.548878
0.556,112,279.609517
0.404,150,279.689647
0.748,64,279.723642
0.832,43,279.747381
0.548,114,279.807439
0.8,51,279.834691
0.436,142,279.907644
0.612,98,279.959061
0.764,60,279.990002
0.784,55,280.016856
0.612,98,280.06663
0.556,112,280.126636
0.776,57,280.157898
0.76,61,280.192014
-0.204,302,280.346835
0.664,85,280.390759
0.72,71,280.42985
-0.668,418,280.645253
0.016,247,280.781093
0.648,89,280.826721
0.888,29,280.843278
0.12,221,280.953909
0.444,140,281.021982
0.78,56,281.048536
0.372,158,281.125661
0.552,113,281.182706
0.536,117,281.242361
0.744,65,281.275237
0.652,88,281.321649
0.604,100,281.374805
0.62,96,281.425914
0.78,56,281.456587
0.668,84,281.502205
0.74,66,281.536985
0.628,94,281.585108
-0.048,263,281.724041
0.672,83,281.769531
-0.176,295,281.957239
0.608,99,282.011232
0.832,43,282.034303
0.736,67,282.068875
-0.176,295,282.223909
0.2,201,282.33008
0.396,152,282.407717
0.252,188,282.50789
0.452,138,282.585816
0.4,151,282.662552
0.816,47,282.687735
0.776,57,282.714525
0.348,164,282.795525
0.772,58,282.827545
0.668,84,282.867915
0.648,89,282.909456
0.356,162,282.990404
0.036,242,283.114946
0.46,136,283.187477
0.66,86,283.232532
0.72,71,283.266808
0.524,120,283.328482
-0.256,315,283.482161
0.768,59,283.511213
-0.128,283,283.65981
0.724,70,283.701815
-0.22,306,283.862867
0.692,78,283.904739
-0.488,373,284.084364
0.784,55,284.128725
0.784,55,284.159959
0.468,134,284.250968
0.46,136,284.331258
0.576,107,284.394957
0.716,72,284.433243
0.204,200,284.540396
0.68,81,284.585531
0.58,106,284.641186
0.504,125,284.703429
0.316,172,284.78994
0.128,219,284.898921
0.292,178,284.987082
0.02,246,285.114275
0.276,182,285.212949
0.64,91,285.261117
0.664,85,285.308645
0.12,221,285.420772
0.312,173,285.511586
-0.128,283,285.662634
0.356,162,285.754051
0.48,131,285.834603
0.308,174,285.92991
0.636,92,285.976738
0.568,109,286.032912
0.688,79,286.072882
0.6,101,286.122423
0.364,160,286.198523
-0.08,271,286.353938
-0.74,436,286.608202
0.568,109,286.664798
0.652,88,286.711529
0.324,170,286.800898
0.776,57,286.830366
0.516,122,286.896825
0.712,73,286.935535
0.612,98,286.989937
0.252,188,287.086671
0.356,162,287.172942
0.712,73,287.22397
0.64,91,287.281238
-0.008,253,287.435125
-0.348,338,287.64378
0.816,47,287.671068
0.532,118,287.749229
0.804,50,287.782526
0.864,35,287.811434
-0.152,289,288.030271
0.568,109,288.100209
0.812,48,288.131377
0.748,64,288.167686
0.708,74,288.20958
-0.112,279,288.370321
-0.136,285,288.509378
0.84,41,288.528827
0.908,24,288.541994
0.116,222,288.691893
0.848,39,288.711186
0.792,53,288.738146
0.596,102,288.785711
0.904,25,288.797771
0.68,81,288.837868
0.864,35,288.855235
-0.288,323,289.013101
0.3,176,289.097649
0.412,148,289.175157
0.712,73,289.209312
0.74,66,289.241532
0.164,210,289.345466
0.632,93,289.395189
0.872,33,289.409247
-0.172,294,289.545386
0.752,63,289.576393
0.328,169,289.66073
0.292,178,289.751356
0.496,127,289.814539
0.464,135,289.888676
0.52,121,289.948287
0.588,104,290.02058
0.72,71,290.055028
-0.708,428,290.257548
0.768,59,290.284441
0.044,240,290.39511
-0.084,272,290.528502
0.596,102,290.580788
-0.152,289,290.723941
0.656,87,290.763309
0.86,36,290.783613
0.16,211,290.883661
0.764,60,290.911261
-0.04,261,291.035012
-2.452,864,291.489276
-1.88,721,291.860642
0.436,142,291.929454
0.776,57,291.955395
-0.544,387,292.138312
-0.296,325,292.300067
0.244,190,292.386282
-0.056,265,292.514886
0.068,234,292.638093
0.376,157,292.719227
0.524,120,292.777251
0.064,235,292.904715
0.72,71,292.938717
0.456,137,293.014949
0.592,103,293.065497
-1.308,578,293.345434
0.276,182,293.431893
0.752,63,293.466122
0.404,150,293.538039
0.176,207,293.633447
0.564,110,293.687262
0.388,154,293.755439
0.288,179,293.836923
0.28,181,293.916699
0.58,106,293.965094
0.468,134,294.023601
0.032,243,294.138057
0.716,72,294.173478
0.1,226,294.290071
-1.0,501,294.522972
0.312,173,294.601205
0.48,131,294.664461
0.476,132,294.72438
0.784,55,294.750369
0.524,120,294.807056
0.52,121,294.861662
-1.456,615,295.197276
0.62,96,295.246768
0.752,63,295.296092
0.652,88,295.339538
0.564,110,295.396146
0.42,146,295.469664
-1.692,674,295.797173
-1.768,693,296.12994
0.6,101,296.178085
0.656,87,296.220073
0.296,177,296.308148
0.736,67,296.339604
0.86,36,296.357843
-0.364,342,296.522024
0.836,42,296.542681
-0.04,261,296.679168
0.472,133,296.745018
-1.192,549,297.016248
0.724,70,297.051112
0.528,119,297.103823
-1.872,719,297.449817
-1.04,511,297.704551
0.392,153,297.803056
0.636,92,297.862052
0.644,90,297.913081
0.096,227,298.042301
0.892,28,298.059194
0.46,136,298.167447
0.572,108,298.233183
0.464,135,298.307977
0.692,78,298.356816
0.668,84,298.422678
0.216,197,298.513019
0.892,28,298.529056
0.628,94,298.57172
0.776,57,298.599806
-0.94,486,298.836605
0.168,209,298.93477
0.468,134,298.997967
0.516,122,299.05146
-0.104,277,299.189583
0.476,132,299.25461
-1.424,607,299.555222
-0.78,446,299.759502
0.424,145,299.82725
0.62,96,299.871785
0.344,165,299.952825
0.364,160,300.025131
-0.084,272,300.158199
0.536,117,300.212998
0.332,168,300.2887
0.46,136,300.355228
0.004,250,300.474309
0.792,53,300.505362
0.704,75,300.552206
0.668,84,300.597969
-0.572,394,300.795203
0.352,163,300.874986
0.836,42,300.896441
0.376,157,300.978428
0.684,80,301.017103
0.36,161,301.095164
-0.072,269,301.219637
0.848,39,301.239781
0.796,52,301.264783
0.556,112,301.315474
0.784,55,301.344381
-2.044,762,301.716593
0.252,188,301.81397
0.492,128,301.874794
0.312,173,301.96398
0.56,111,302.01926
-1.076,520,302.269983
0.816,47,302.293223
0.588,104,302.338384
-1.532,634,302.628128
0.732,68,302.65805
0.24,191,302.747843
0.8,51,302.771023
0.836,42,302.789664
0.076,232,302.89441
0.732,68,302.925528
0.188,204,303.019709
0.572,108,303.070518
0.456,137,303.146443
0.716,72,303.197106
-0.512,379,303.429589
0.544,115,303.498971
0.616,97,303.552915
0.656,87,303.601473
-0.308,328,303.774241
0.628,94,303.824879
-0.152,289,303.967421
0.548,114,304.023271
0.484,130,304.09249
0.432,143,304.163088
0.34,166,304.241179
0.72,71,304.276241
0.564,110,304.331969
0.32,171,304.416526
0.656,87,304.458295
0.7,76,304.494107
0.588,104,304.545235
0.768,59,304.573253
0.372,158,304.647921
-0.128,283,304.810896
0.888,29,304.84353
0.248,189,304.945796
0.696,77,304.9859
0.42,146,305.060472
0.348,164,305.150954
0.464,135,305.217473
0.788,54,305.245715
0.732,68,305.277215
0.724,70,305.312596
0.152,213,305.423322
0.448,139,305.492044
0.624,95,305.537689
0.6,101,305.585611
-0.768,443,305.810092
0.52,121,305.874843
0.624,95,305.922656
0.672,83,305.964108
0.328,169,306.05126
0.76,61,306.081064
-0.288,323,306.236925
0.764,60,306.264603
0.76,61,306.329205
0.752,63,306.368161
-0.184,297,306.556774
-1.124,532,306.833549
0.748,64,306.866428
0.58,106,306.925538
0.372,158,307.017405
0.652,88,307.076924
0.4,151,307.171524
0.784,55,307.218721
0.416,147,307.327256
0.808,49,307.366668
0.512,123,307.441003
-0.148,288,307.645219
